{"cameraMode":{"drawMode":0,"name":"Shaded","section":"Shading Mode"},"sceneLighting":true,"audioPlay":false,"sceneViewState":{"showFog":true,"showMaterialUpdate":false,"showSkybox":true,"showFlares":true,"showImageEffects":true,"showParticleSystems":true},"in2DMode":false,"pivot":{"x":3.797919273376465,"y":11.093160629272461,"z":12.809317588806153},"rotation":{"x":-0.3883951008319855,"y":-0.1000557616353035,"z":0.04245922714471817,"w":-0.9150688648223877},"size":44.89065170288086,"orthographic":false}