{"cameraMode":{"drawMode":0,"name":"Shaded","section":"Shading Mode"},"sceneLighting":true,"audioPlay":false,"sceneViewState":{"showFog":true,"showMaterialUpdate":false,"showSkybox":true,"showFlares":true,"showImageEffects":true,"showParticleSystems":true},"in2DMode":false,"pivot":{"x":0.8579448461532593,"y":1.9726238250732422,"z":3.1861534118652345},"rotation":{"x":0.7540730834007263,"y":-0.010834609158337117,"z":0.012443339452147484,"w":0.656582772731781},"size":22.0,"orthographic":false}