{"cameraMode":{"drawMode":0,"name":"Shaded","section":"Shading Mode"},"sceneLighting":false,"audioPlay":false,"sceneViewState":{"showFog":true,"showMaterialUpdate":false,"showSkybox":false,"showFlares":true,"showImageEffects":true,"showParticleSystems":true},"in2DMode":false,"pivot":{"x":20.0,"y":29.705657958984376,"z":-9.07947063446045},"rotation":{"x":-0.44086921215057375,"y":-0.03311607241630554,"z":0.01626931130886078,"w":-0.8968192338943481},"size":14.47655200958252,"orthographic":false}